root,multiAccept,sendfile,compression,noCompression,serverCache,keepalive,basicAuth,tls,ecdsaCertificate,aesTls,tlsMoreBits,tcpNoDelay,tcpNoPush,compressionLevel,performance
1,1,0,0,1,0,0,0,0,0,0,0,0,0,1,2.8234
1,1,0,0,1,0,0,0,0,0,0,0,0,1,1,2.7368
1,1,0,0,1,0,0,0,0,0,0,0,1,0,1,2.7778
1,1,0,0,1,0,0,0,0,0,0,0,1,1,1,2.7586
1,1,0,0,1,1,0,0,0,0,0,0,0,0,1,2.7732
1,1,0,0,1,1,0,0,0,0,0,0,0,1,1,2.8174
1,1,0,0,1,1,0,0,0,0,0,0,1,0,1,2.8224
1,1,0,0,1,1,0,0,0,0,0,0,1,1,1,2.8048
1,1,1,0,1,0,0,0,0,0,0,0,0,0,1,2.8218
1,1,1,0,1,0,0,0,0,0,0,0,0,1,1,2.593
1,1,1,0,1,0,0,0,0,0,0,0,1,0,1,2.8382
1,1,1,0,1,0,0,0,0,0,0,0,1,1,1,2.6176
1,1,1,0,1,1,0,0,0,0,0,0,0,0,1,2.7748
1,1,1,0,1,1,0,0,0,0,0,0,0,1,1,2.5892
1,1,1,0,1,1,0,0,0,0,0,0,1,0,1,2.76
1,1,1,0,1,1,0,0,0,0,0,0,1,1,1,2.626
1,1,0,0,1,0,0,1,0,0,0,0,0,0,1,4.5608
1,1,0,0,1,0,0,1,0,0,0,0,0,1,1,4.5534
1,1,0,0,1,0,0,1,0,0,0,0,1,0,1,4.6
1,1,0,0,1,0,0,1,0,0,0,0,1,1,1,4.5408
1,1,0,0,1,1,0,1,0,0,0,0,0,0,1,4.5498
1,1,0,0,1,1,0,1,0,0,0,0,0,1,1,4.5004
1,1,0,0,1,1,0,1,0,0,0,0,1,0,1,4.491
1,1,0,0,1,1,0,1,0,0,0,0,1,1,1,4.5126
1,1,1,0,1,0,0,1,0,0,0,0,0,0,1,4.6564
1,1,1,0,1,0,0,1,0,0,0,0,0,1,1,4.5748
1,1,1,0,1,0,0,1,0,0,0,0,1,0,1,4.653
1,1,1,0,1,0,0,1,0,0,0,0,1,1,1,4.6552
1,1,1,0,1,1,0,1,0,0,0,0,0,0,1,4.5624
1,1,1,0,1,1,0,1,0,0,0,0,0,1,1,4.5438
1,1,1,0,1,1,0,1,0,0,0,0,1,0,1,4.6642
1,1,1,0,1,1,0,1,0,0,0,0,1,1,1,4.4944
1,1,0,1,0,0,0,1,0,0,0,0,0,0,1,5.0236
1,1,0,1,0,0,0,1,0,0,0,0,0,0,5,5.1162
1,1,0,1,0,0,0,1,0,0,0,0,0,0,9,5.2204
1,1,0,1,0,0,0,1,0,0,0,0,0,1,1,5.0596
1,1,0,1,0,0,0,1,0,0,0,0,0,1,5,5.1762
1,1,0,1,0,0,0,1,0,0,0,0,0,1,9,5.1316
1,1,0,1,0,0,0,1,0,0,0,0,1,0,1,5.0714
1,1,0,1,0,0,0,1,0,0,0,0,1,0,5,5.1576
1,1,0,1,0,0,0,1,0,0,0,0,1,0,9,5.2314
1,1,0,1,0,0,0,1,0,0,0,0,1,1,1,5.0124
1,1,0,1,0,0,0,1,0,0,0,0,1,1,5,5.1106
1,1,0,1,0,0,0,1,0,0,0,0,1,1,9,5.161
1,1,0,1,0,1,0,1,0,0,0,0,0,0,1,4.9708
1,1,0,1,0,1,0,1,0,0,0,0,0,0,5,5.0546
1,1,0,1,0,1,0,1,0,0,0,0,0,0,9,5.0754
1,1,0,1,0,1,0,1,0,0,0,0,0,1,1,4.935
1,1,0,1,0,1,0,1,0,0,0,0,0,1,5,5.1468
1,1,0,1,0,1,0,1,0,0,0,0,0,1,9,5.1486
1,1,0,1,0,1,0,1,0,0,0,0,1,0,1,4.941
1,1,0,1,0,1,0,1,0,0,0,0,1,0,5,5.1048
1,1,0,1,0,1,0,1,0,0,0,0,1,0,9,5.1686
1,1,0,1,0,1,0,1,0,0,0,0,1,1,1,4.9318
1,1,0,1,0,1,0,1,0,0,0,0,1,1,5,5.0864
1,1,0,1,0,1,0,1,0,0,0,0,1,1,9,5.1186
1,1,1,1,0,0,0,1,0,0,0,0,0,0,1,5.0514
1,1,1,1,0,0,0,1,0,0,0,0,0,0,5,5.1228
1,1,1,1,0,0,0,1,0,0,0,0,0,0,9,5.1324
1,1,1,1,0,0,0,1,0,0,0,0,0,1,1,5.0576
1,1,1,1,0,0,0,1,0,0,0,0,0,1,5,5.1612
1,1,1,1,0,0,0,1,0,0,0,0,0,1,9,5.1632
1,1,1,1,0,0,0,1,0,0,0,0,1,0,1,5.0176
1,1,1,1,0,0,0,1,0,0,0,0,1,0,5,5.236
1,1,1,1,0,0,0,1,0,0,0,0,1,0,9,5.1794
1,1,1,1,0,0,0,1,0,0,0,0,1,1,1,5.016
1,1,1,1,0,0,0,1,0,0,0,0,1,1,5,5.1964
1,1,1,1,0,0,0,1,0,0,0,0,1,1,9,5.1578
1,1,1,1,0,1,0,1,0,0,0,0,0,0,1,4.912
1,1,1,1,0,1,0,1,0,0,0,0,0,0,5,5.1256
1,1,1,1,0,1,0,1,0,0,0,0,0,0,9,5.1402
1,1,1,1,0,1,0,1,0,0,0,0,0,1,1,4.9224
1,1,1,1,0,1,0,1,0,0,0,0,0,1,5,5.0852
1,1,1,1,0,1,0,1,0,0,0,0,0,1,9,5.0972
1,1,1,1,0,1,0,1,0,0,0,0,1,0,1,4.921
1,1,1,1,0,1,0,1,0,0,0,0,1,0,5,5.097
1,1,1,1,0,1,0,1,0,0,0,0,1,0,9,5.1794
1,1,1,1,0,1,0,1,0,0,0,0,1,1,1,4.9642
1,1,1,1,0,1,0,1,0,0,0,0,1,1,5,5.154
1,1,1,1,0,1,0,1,0,0,0,0,1,1,9,5.1002
1,0,0,0,1,0,1,0,0,0,0,0,0,0,1,2.3026
1,0,0,0,1,0,1,0,0,0,0,0,0,1,1,2.2268
1,0,0,0,1,0,1,0,0,0,0,0,1,0,1,2.2532
1,0,0,0,1,0,1,0,0,0,0,0,1,1,1,2.2748
1,0,0,0,1,1,1,0,0,0,0,0,0,0,1,2.1982
1,0,0,0,1,1,1,0,0,0,0,0,0,1,1,2.145
1,0,0,0,1,1,1,0,0,0,0,0,1,0,1,2.1278
1,0,0,0,1,1,1,0,0,0,0,0,1,1,1,2.1366
1,0,1,0,1,0,1,0,0,0,0,0,0,0,1,2.3592
1,0,1,0,1,0,1,0,0,0,0,0,0,1,1,2.291
1,0,1,0,1,0,1,0,0,0,0,0,1,0,1,2.3644
1,0,1,0,1,0,1,0,0,0,0,0,1,1,1,2.2936
1,0,1,0,1,1,1,0,0,0,0,0,0,0,1,2.3622
1,0,1,0,1,1,1,0,0,0,0,0,0,1,1,2.2876
1,0,1,0,1,1,1,0,0,0,0,0,1,0,1,2.3648
1,0,1,0,1,1,1,0,0,0,0,0,1,1,1,2.2892
1,1,0,0,1,0,1,0,0,0,0,0,0,0,1,2.2862
1,1,0,0,1,0,1,0,0,0,0,0,0,1,1,2.2864
1,1,0,0,1,0,1,0,0,0,0,0,1,0,1,2.2564
1,1,0,0,1,0,1,0,0,0,0,0,1,1,1,2.278
1,1,0,0,1,1,1,0,0,0,0,0,0,0,1,2.1338
1,1,0,0,1,1,1,0,0,0,0,0,0,1,1,2.1318
1,1,0,0,1,1,1,0,0,0,0,0,1,0,1,2.1406
1,1,0,0,1,1,1,0,0,0,0,0,1,1,1,2.2248
1,1,1,0,1,0,1,0,0,0,0,0,0,0,1,2.3504
1,1,1,0,1,0,1,0,0,0,0,0,0,1,1,2.2904
1,1,1,0,1,0,1,0,0,0,0,0,1,0,1,2.3636
1,1,1,0,1,0,1,0,0,0,0,0,1,1,1,2.29
1,1,1,0,1,1,1,0,0,0,0,0,0,0,1,2.3634
1,1,1,0,1,1,1,0,0,0,0,0,0,1,1,2.2924
1,1,1,0,1,1,1,0,0,0,0,0,1,0,1,2.3632
1,1,1,0,1,1,1,0,0,0,0,0,1,1,1,2.2896
1,0,0,0,1,0,1,1,0,0,0,0,0,0,1,4.2112
1,0,0,0,1,0,1,1,0,0,0,0,0,1,1,4.0752
1,0,0,0,1,0,1,1,0,0,0,0,1,0,1,4.0796
1,0,0,0,1,0,1,1,0,0,0,0,1,1,1,4.1118
1,0,0,0,1,1,1,1,0,0,0,0,0,0,1,4.1402
1,0,0,0,1,1,1,1,0,0,0,0,0,1,1,4.1242
1,0,0,0,1,1,1,1,0,0,0,0,1,0,1,4.085
1,0,0,0,1,1,1,1,0,0,0,0,1,1,1,4.0442
1,0,1,0,1,0,1,1,0,0,0,0,0,0,1,4.3088
1,0,1,0,1,0,1,1,0,0,0,0,0,1,1,4.2632
1,0,1,0,1,0,1,1,0,0,0,0,1,0,1,4.3216
1,0,1,0,1,0,1,1,0,0,0,0,1,1,1,4.2102
1,0,1,0,1,1,1,1,0,0,0,0,0,0,1,4.296
1,0,1,0,1,1,1,1,0,0,0,0,0,1,1,4.2258
1,0,1,0,1,1,1,1,0,0,0,0,1,0,1,4.1454
1,0,1,0,1,1,1,1,0,0,0,0,1,1,1,4.2812
1,1,0,0,1,0,1,1,0,0,0,0,0,0,1,4.1256
1,1,0,0,1,0,1,1,0,0,0,0,0,1,1,4.2276
1,1,0,0,1,0,1,1,0,0,0,0,1,0,1,4.353
1,1,0,0,1,0,1,1,0,0,0,0,1,1,1,4.2126
1,1,0,0,1,1,1,1,0,0,0,0,0,0,1,4.0602
1,1,0,0,1,1,1,1,0,0,0,0,0,1,1,4.2004
1,1,0,0,1,1,1,1,0,0,0,0,1,0,1,4.1558
1,1,0,0,1,1,1,1,0,0,0,0,1,1,1,4.0724
1,1,1,0,1,0,1,1,0,0,0,0,0,0,1,4.4606
1,1,1,0,1,0,1,1,0,0,0,0,0,1,1,4.3014
1,1,1,0,1,0,1,1,0,0,0,0,1,0,1,4.3646
1,1,1,0,1,0,1,1,0,0,0,0,1,1,1,4.2572
1,1,1,0,1,1,1,1,0,0,0,0,0,0,1,4.1996
1,1,1,0,1,1,1,1,0,0,0,0,0,1,1,4.2056
1,1,1,0,1,1,1,1,0,0,0,0,1,0,1,4.1752
1,1,1,0,1,1,1,1,0,0,0,0,1,1,1,4.239
1,0,0,0,1,0,0,0,1,1,0,0,0,0,1,369.7886
1,0,0,0,1,0,0,0,1,1,0,0,0,1,1,368.8612
1,0,0,0,1,0,0,0,1,1,0,0,1,0,1,370.547
1,0,0,0,1,0,0,0,1,1,0,0,1,1,1,368.8784
1,0,0,0,1,1,0,0,1,1,0,0,0,0,1,370.1622
1,0,0,0,1,1,0,0,1,1,0,0,0,1,1,370.4536
1,0,0,0,1,1,0,0,1,1,0,0,1,0,1,369.4944
1,0,0,0,1,1,0,0,1,1,0,0,1,1,1,371.5682
1,0,1,0,1,0,0,0,1,1,0,0,0,0,1,367.6862
1,0,1,0,1,0,0,0,1,1,0,0,0,1,1,369.0814
1,0,1,0,1,0,0,0,1,1,0,0,1,0,1,368.3164
1,0,1,0,1,0,0,0,1,1,0,0,1,1,1,369.4826
1,0,1,0,1,1,0,0,1,1,0,0,0,0,1,369.8032
1,0,1,0,1,1,0,0,1,1,0,0,0,1,1,370.0154
1,0,1,0,1,1,0,0,1,1,0,0,1,0,1,369.4858
1,0,1,0,1,1,0,0,1,1,0,0,1,1,1,368.5032
1,1,0,0,1,0,0,0,1,1,0,0,0,0,1,370.0206
1,1,0,0,1,0,0,0,1,1,0,0,0,1,1,370.8524
1,1,0,0,1,0,0,0,1,1,0,0,1,0,1,369.9284
1,1,0,0,1,0,0,0,1,1,0,0,1,1,1,369.688
1,1,0,0,1,1,0,0,1,1,0,0,0,0,1,370.4292
1,1,0,0,1,1,0,0,1,1,0,0,0,1,1,367.5714
1,1,0,0,1,1,0,0,1,1,0,0,1,0,1,369.2124
1,1,0,0,1,1,0,0,1,1,0,0,1,1,1,368.698
1,1,1,0,1,0,0,0,1,1,0,0,0,0,1,370.3922
1,1,1,0,1,0,0,0,1,1,0,0,0,1,1,368.557
1,1,1,0,1,0,0,0,1,1,0,0,1,0,1,368.0886
1,1,1,0,1,0,0,0,1,1,0,0,1,1,1,367.8932
1,1,1,0,1,1,0,0,1,1,0,0,0,0,1,370.0692
1,1,1,0,1,1,0,0,1,1,0,0,0,1,1,370.7384
1,1,1,0,1,1,0,0,1,1,0,0,1,0,1,370.1588
1,1,1,0,1,1,0,0,1,1,0,0,1,1,1,370.1158
1,0,0,0,1,0,0,0,1,1,1,0,0,0,1,368.2612
1,0,0,0,1,0,0,0,1,1,1,0,0,1,1,368.7188
1,0,0,0,1,0,0,0,1,1,1,0,1,0,1,368.4804
1,0,0,0,1,0,0,0,1,1,1,0,1,1,1,368.6002
1,0,0,0,1,0,0,0,1,1,1,1,0,0,1,369.4782
1,0,0,0,1,0,0,0,1,1,1,1,0,1,1,370.022
1,0,0,0,1,0,0,0,1,1,1,1,1,0,1,368.2052
1,0,0,0,1,0,0,0,1,1,1,1,1,1,1,369.1354
1,0,0,0,1,1,0,0,1,1,1,0,0,0,1,370.7578
1,0,0,0,1,1,0,0,1,1,1,0,0,1,1,370.4512
1,0,0,0,1,1,0,0,1,1,1,0,1,0,1,369.6168
1,0,0,0,1,1,0,0,1,1,1,0,1,1,1,370.0286
1,0,0,0,1,1,0,0,1,1,1,1,0,0,1,370.333
1,0,0,0,1,1,0,0,1,1,1,1,0,1,1,368.7018
1,0,0,0,1,1,0,0,1,1,1,1,1,0,1,369.3782
1,0,0,0,1,1,0,0,1,1,1,1,1,1,1,370.361
1,0,1,0,1,0,0,0,1,1,1,0,0,0,1,368.2342
1,0,1,0,1,0,0,0,1,1,1,0,0,1,1,367.2774
1,0,1,0,1,0,0,0,1,1,1,0,1,0,1,368.0238
1,0,1,0,1,0,0,0,1,1,1,0,1,1,1,369.2198
1,0,1,0,1,0,0,0,1,1,1,1,0,0,1,368.0254
1,0,1,0,1,0,0,0,1,1,1,1,0,1,1,368.5852
1,0,1,0,1,0,0,0,1,1,1,1,1,0,1,369.1376
1,0,1,0,1,0,0,0,1,1,1,1,1,1,1,366.6
1,0,1,0,1,1,0,0,1,1,1,0,0,0,1,368.6888
1,0,1,0,1,1,0,0,1,1,1,0,0,1,1,369.3302
1,0,1,0,1,1,0,0,1,1,1,0,1,0,1,368.3162
1,0,1,0,1,1,0,0,1,1,1,0,1,1,1,368.275
1,0,1,0,1,1,0,0,1,1,1,1,0,0,1,369.4082
1,0,1,0,1,1,0,0,1,1,1,1,0,1,1,370.2946
1,0,1,0,1,1,0,0,1,1,1,1,1,0,1,369.471
1,0,1,0,1,1,0,0,1,1,1,1,1,1,1,369.3618
1,1,0,0,1,0,0,0,1,1,1,0,0,0,1,369.2504
1,1,0,0,1,0,0,0,1,1,1,0,0,1,1,369.0418
1,1,0,0,1,0,0,0,1,1,1,0,1,0,1,368.7622
1,1,0,0,1,0,0,0,1,1,1,0,1,1,1,368.6176
1,1,0,0,1,0,0,0,1,1,1,1,0,0,1,370.8724
1,1,0,0,1,0,0,0,1,1,1,1,0,1,1,370.099
1,1,0,0,1,0,0,0,1,1,1,1,1,0,1,369.1582
1,1,0,0,1,0,0,0,1,1,1,1,1,1,1,368.6394
1,1,0,0,1,1,0,0,1,1,1,0,0,0,1,362.4192
1,1,0,0,1,1,0,0,1,1,1,0,0,1,1,360.8228
1,1,0,0,1,1,0,0,1,1,1,0,1,0,1,361.765
1,1,0,0,1,1,0,0,1,1,1,0,1,1,1,362.8598
1,1,0,0,1,1,0,0,1,1,1,1,0,0,1,362.855
1,1,0,0,1,1,0,0,1,1,1,1,0,1,1,362.3286
1,1,0,0,1,1,0,0,1,1,1,1,1,0,1,362.7564
1,1,0,0,1,1,0,0,1,1,1,1,1,1,1,362.0658
1,1,1,0,1,0,0,0,1,1,1,0,0,0,1,361.0132
1,1,1,0,1,0,0,0,1,1,1,0,0,1,1,360.0764
1,1,1,0,1,0,0,0,1,1,1,0,1,0,1,362.0478
1,1,1,0,1,0,0,0,1,1,1,0,1,1,1,362.5794
1,1,1,0,1,0,0,0,1,1,1,1,0,0,1,362.0178
1,1,1,0,1,0,0,0,1,1,1,1,0,1,1,362.0452
1,1,1,0,1,0,0,0,1,1,1,1,1,0,1,362.071
1,1,1,0,1,0,0,0,1,1,1,1,1,1,1,363.2706
1,1,1,0,1,1,0,0,1,1,1,0,0,0,1,362.0666
1,1,1,0,1,1,0,0,1,1,1,0,0,1,1,364.032
1,1,1,0,1,1,0,0,1,1,1,0,1,0,1,364.4814
1,1,1,0,1,1,0,0,1,1,1,0,1,1,1,362.7986
1,1,1,0,1,1,0,0,1,1,1,1,0,0,1,363.5346
1,1,1,0,1,1,0,0,1,1,1,1,0,1,1,362.8602
1,1,1,0,1,1,0,0,1,1,1,1,1,0,1,362.6648
1,1,1,0,1,1,0,0,1,1,1,1,1,1,1,362.6122
1,0,0,0,1,0,0,1,1,1,0,0,0,0,1,360.321
1,0,0,0,1,0,0,1,1,1,0,0,0,1,1,360.1544
1,0,0,0,1,0,0,1,1,1,0,0,1,0,1,359.8202
1,0,0,0,1,0,0,1,1,1,0,0,1,1,1,359.8946
1,0,0,0,1,1,0,1,1,1,0,0,0,0,1,360.4142
1,0,0,0,1,1,0,1,1,1,0,0,0,1,1,360.5946
1,0,0,0,1,1,0,1,1,1,0,0,1,0,1,359.0406
1,0,0,0,1,1,0,1,1,1,0,0,1,1,1,358.8812
1,0,1,0,1,0,0,1,1,1,0,0,0,0,1,357.8692
1,0,1,0,1,0,0,1,1,1,0,0,0,1,1,361.0076
1,0,1,0,1,0,0,1,1,1,0,0,1,0,1,359.1972
1,0,1,0,1,0,0,1,1,1,0,0,1,1,1,358.1184
1,0,1,0,1,1,0,1,1,1,0,0,0,0,1,359.7704
1,0,1,0,1,1,0,1,1,1,0,0,0,1,1,359.0904
1,0,1,0,1,1,0,1,1,1,0,0,1,0,1,360.6536
1,0,1,0,1,1,0,1,1,1,0,0,1,1,1,358.7598
1,1,0,0,1,0,0,1,1,1,0,0,0,0,1,359.4542
1,1,0,0,1,0,0,1,1,1,0,0,0,1,1,359.8064
1,1,0,0,1,0,0,1,1,1,0,0,1,0,1,360.2996
1,1,0,0,1,0,0,1,1,1,0,0,1,1,1,359.7598
1,1,0,0,1,1,0,1,1,1,0,0,0,0,1,358.6186
1,1,0,0,1,1,0,1,1,1,0,0,0,1,1,362.8296
1,1,0,0,1,1,0,1,1,1,0,0,1,0,1,358.357
1,1,0,0,1,1,0,1,1,1,0,0,1,1,1,360.4002
1,1,1,0,1,0,0,1,1,1,0,0,0,0,1,360.1948
1,1,1,0,1,0,0,1,1,1,0,0,0,1,1,357.8928
1,1,1,0,1,0,0,1,1,1,0,0,1,0,1,358.8648
1,1,1,0,1,0,0,1,1,1,0,0,1,1,1,358.2348
1,1,1,0,1,1,0,1,1,1,0,0,0,0,1,359.9776
1,1,1,0,1,1,0,1,1,1,0,0,0,1,1,358.6492
1,1,1,0,1,1,0,1,1,1,0,0,1,0,1,359.7176
1,1,1,0,1,1,0,1,1,1,0,0,1,1,1,360.1478
1,0,0,0,1,0,0,1,1,1,1,0,0,0,1,360.964
1,0,0,0,1,0,0,1,1,1,1,0,0,1,1,360.9716
1,0,0,0,1,0,0,1,1,1,1,0,1,0,1,359.2296
1,0,0,0,1,0,0,1,1,1,1,0,1,1,1,359.758
1,0,0,0,1,0,0,1,1,1,1,1,0,0,1,358.7792
1,0,0,0,1,0,0,1,1,1,1,1,0,1,1,358.0776
1,0,0,0,1,0,0,1,1,1,1,1,1,0,1,359.4664
1,0,0,0,1,0,0,1,1,1,1,1,1,1,1,358.7558
1,0,0,0,1,1,0,1,1,1,1,0,0,0,1,359.8412
1,0,0,0,1,1,0,1,1,1,1,0,0,1,1,359.252
1,0,0,0,1,1,0,1,1,1,1,0,1,0,1,359.636
1,0,0,0,1,1,0,1,1,1,1,0,1,1,1,359.6622
1,0,0,0,1,1,0,1,1,1,1,1,0,0,1,360.1902
1,0,0,0,1,1,0,1,1,1,1,1,0,1,1,359.3354
1,0,0,0,1,1,0,1,1,1,1,1,1,0,1,360.5288
1,0,0,0,1,1,0,1,1,1,1,1,1,1,1,359.1008
1,0,1,0,1,0,0,1,1,1,1,0,0,0,1,358.6798
1,0,1,0,1,0,0,1,1,1,1,0,0,1,1,359.8234
1,0,1,0,1,0,0,1,1,1,1,0,1,0,1,357.9734
1,0,1,0,1,0,0,1,1,1,1,0,1,1,1,359.784
1,0,1,0,1,0,0,1,1,1,1,1,0,0,1,359.8016
1,0,1,0,1,0,0,1,1,1,1,1,0,1,1,359.5018
1,0,1,0,1,0,0,1,1,1,1,1,1,0,1,359.1446
1,0,1,0,1,0,0,1,1,1,1,1,1,1,1,360.2134
1,0,1,0,1,1,0,1,1,1,1,0,0,0,1,358.892
1,0,1,0,1,1,0,1,1,1,1,0,0,1,1,360.8084
1,0,1,0,1,1,0,1,1,1,1,0,1,0,1,359.8376
1,0,1,0,1,1,0,1,1,1,1,0,1,1,1,360.2278
1,0,1,0,1,1,0,1,1,1,1,1,0,0,1,359.031
1,0,1,0,1,1,0,1,1,1,1,1,0,1,1,366.6016
1,0,1,0,1,1,0,1,1,1,1,1,1,0,1,367.7294
1,0,1,0,1,1,0,1,1,1,1,1,1,1,1,367.4172
1,1,0,0,1,0,0,1,1,1,1,0,0,0,1,365.2636
1,1,0,0,1,0,0,1,1,1,1,0,0,1,1,365.4856
1,1,0,0,1,0,0,1,1,1,1,0,1,0,1,366.7466
1,1,0,0,1,0,0,1,1,1,1,0,1,1,1,365.7912
1,1,0,0,1,0,0,1,1,1,1,1,0,0,1,366.4904
1,1,0,0,1,0,0,1,1,1,1,1,0,1,1,367.4224
1,1,0,0,1,0,0,1,1,1,1,1,1,0,1,366.9216
1,1,0,0,1,0,0,1,1,1,1,1,1,1,1,366.6532
1,1,0,0,1,1,0,1,1,1,1,0,0,0,1,366.6672
1,1,0,0,1,1,0,1,1,1,1,0,0,1,1,366.9292
1,1,0,0,1,1,0,1,1,1,1,0,1,0,1,366.7616
1,1,0,0,1,1,0,1,1,1,1,0,1,1,1,368.2366
1,1,0,0,1,1,0,1,1,1,1,1,0,0,1,367.504
1,1,0,0,1,1,0,1,1,1,1,1,0,1,1,368.6004
1,1,0,0,1,1,0,1,1,1,1,1,1,0,1,366.887
1,1,0,0,1,1,0,1,1,1,1,1,1,1,1,366.735
1,1,1,0,1,0,0,1,1,1,1,0,0,0,1,366.8564
1,1,1,0,1,0,0,1,1,1,1,0,0,1,1,367.7852
1,1,1,0,1,0,0,1,1,1,1,0,1,0,1,366.1664
1,1,1,0,1,0,0,1,1,1,1,0,1,1,1,366.3298
1,1,1,0,1,0,0,1,1,1,1,1,0,0,1,367.5972
1,1,1,0,1,0,0,1,1,1,1,1,0,1,1,367.2114
1,1,1,0,1,0,0,1,1,1,1,1,1,0,1,368.3518
1,1,1,0,1,0,0,1,1,1,1,1,1,1,1,366.1878
1,1,1,0,1,1,0,1,1,1,1,0,0,0,1,367.593
1,1,1,0,1,1,0,1,1,1,1,0,0,1,1,366.6374
1,1,1,0,1,1,0,1,1,1,1,0,1,0,1,366.536
1,1,1,0,1,1,0,1,1,1,1,0,1,1,1,366.2102
1,1,1,0,1,1,0,1,1,1,1,1,0,0,1,366.7006
1,1,1,0,1,1,0,1,1,1,1,1,0,1,1,365.5964
1,1,1,0,1,1,0,1,1,1,1,1,1,0,1,368.8808
1,1,1,0,1,1,0,1,1,1,1,1,1,1,1,366.6148
1,0,0,1,0,0,0,0,1,1,0,0,0,0,1,368.1024
1,0,0,1,0,0,0,0,1,1,0,0,0,0,5,367.3746
1,0,0,1,0,0,0,0,1,1,0,0,0,0,9,368.1838
1,0,0,1,0,0,0,0,1,1,0,0,0,1,1,369.5522
1,0,0,1,0,0,0,0,1,1,0,0,0,1,5,367.3762
1,0,0,1,0,0,0,0,1,1,0,0,0,1,9,367.816
1,0,0,1,0,0,0,0,1,1,0,0,1,0,1,367.7778
1,0,0,1,0,0,0,0,1,1,0,0,1,0,5,367.0214
1,0,0,1,0,0,0,0,1,1,0,0,1,0,9,367.9362
1,0,0,1,0,0,0,0,1,1,0,0,1,1,1,367.7604
1,0,0,1,0,0,0,0,1,1,0,0,1,1,5,367.5304
1,0,0,1,0,0,0,0,1,1,0,0,1,1,9,368.9796
1,0,0,1,0,1,0,0,1,1,0,0,0,0,1,367.7764
1,0,0,1,0,1,0,0,1,1,0,0,0,0,5,368.262
1,0,0,1,0,1,0,0,1,1,0,0,0,0,9,368.4772
1,0,0,1,0,1,0,0,1,1,0,0,0,1,1,368.8284
1,0,0,1,0,1,0,0,1,1,0,0,0,1,5,368.7246
1,0,0,1,0,1,0,0,1,1,0,0,0,1,9,367.6306
1,0,0,1,0,1,0,0,1,1,0,0,1,0,1,368.1286
1,0,0,1,0,1,0,0,1,1,0,0,1,0,5,368.1188
1,0,0,1,0,1,0,0,1,1,0,0,1,0,9,368.4166
1,0,0,1,0,1,0,0,1,1,0,0,1,1,1,368.0648
1,0,0,1,0,1,0,0,1,1,0,0,1,1,5,367.812
1,0,0,1,0,1,0,0,1,1,0,0,1,1,9,368.2284
1,0,1,1,0,0,0,0,1,1,0,0,0,0,1,367.4712
1,0,1,1,0,0,0,0,1,1,0,0,0,0,5,366.9928
1,0,1,1,0,0,0,0,1,1,0,0,0,0,9,366.6018
1,0,1,1,0,0,0,0,1,1,0,0,0,1,1,366.2182
1,0,1,1,0,0,0,0,1,1,0,0,0,1,5,368.0808
1,0,1,1,0,0,0,0,1,1,0,0,0,1,9,367.9336
1,0,1,1,0,0,0,0,1,1,0,0,1,0,1,367.0482
1,0,1,1,0,0,0,0,1,1,0,0,1,0,5,368.7822
1,0,1,1,0,0,0,0,1,1,0,0,1,0,9,367.3768
1,0,1,1,0,0,0,0,1,1,0,0,1,1,1,369.7136
1,0,1,1,0,0,0,0,1,1,0,0,1,1,5,366.8882
1,0,1,1,0,0,0,0,1,1,0,0,1,1,9,368.5124
1,0,1,1,0,1,0,0,1,1,0,0,0,0,1,367.7774
1,0,1,1,0,1,0,0,1,1,0,0,0,0,5,368.1102
1,0,1,1,0,1,0,0,1,1,0,0,0,0,9,367.3896
1,0,1,1,0,1,0,0,1,1,0,0,0,1,1,368.171
1,0,1,1,0,1,0,0,1,1,0,0,0,1,5,368.4718
1,0,1,1,0,1,0,0,1,1,0,0,0,1,9,367.9278
1,0,1,1,0,1,0,0,1,1,0,0,1,0,1,366.5074
1,0,1,1,0,1,0,0,1,1,0,0,1,0,5,366.1346
1,0,1,1,0,1,0,0,1,1,0,0,1,0,9,367.5538
1,0,1,1,0,1,0,0,1,1,0,0,1,1,1,367.9358
1,0,1,1,0,1,0,0,1,1,0,0,1,1,5,367.3744
1,0,1,1,0,1,0,0,1,1,0,0,1,1,9,368.5422
1,1,0,1,0,0,0,0,1,1,0,0,0,0,1,367.171
1,1,0,1,0,0,0,0,1,1,0,0,0,0,5,366.7926
1,1,0,1,0,0,0,0,1,1,0,0,0,0,9,367.923
1,1,0,1,0,0,0,0,1,1,0,0,0,1,1,368.7242
1,1,0,1,0,0,0,0,1,1,0,0,0,1,5,368.673
1,1,0,1,0,0,0,0,1,1,0,0,0,1,9,369.1186
1,1,0,1,0,0,0,0,1,1,0,0,1,0,1,367.7752
1,1,0,1,0,0,0,0,1,1,0,0,1,0,5,367.1424
1,1,0,1,0,0,0,0,1,1,0,0,1,0,9,367.5512
1,1,0,1,0,0,0,0,1,1,0,0,1,1,1,368.5638
1,1,0,1,0,0,0,0,1,1,0,0,1,1,5,369.0486
1,1,0,1,0,0,0,0,1,1,0,0,1,1,9,368.4262
1,1,0,1,0,1,0,0,1,1,0,0,0,0,1,366.6288
1,1,0,1,0,1,0,0,1,1,0,0,0,0,5,368.2186
1,1,0,1,0,1,0,0,1,1,0,0,0,0,9,368.4324
1,1,0,1,0,1,0,0,1,1,0,0,0,1,1,368.131
1,1,0,1,0,1,0,0,1,1,0,0,0,1,5,369.6888
1,1,0,1,0,1,0,0,1,1,0,0,0,1,9,368.142
1,1,0,1,0,1,0,0,1,1,0,0,1,0,1,368.9644
1,1,0,1,0,1,0,0,1,1,0,0,1,0,5,367.312
1,1,0,1,0,1,0,0,1,1,0,0,1,0,9,367.6924
1,1,0,1,0,1,0,0,1,1,0,0,1,1,1,369.9614
1,1,0,1,0,1,0,0,1,1,0,0,1,1,5,368.6372
1,1,0,1,0,1,0,0,1,1,0,0,1,1,9,368.5708
1,1,1,1,0,0,0,0,1,1,0,0,0,0,1,368.5214
1,1,1,1,0,0,0,0,1,1,0,0,0,0,5,368.4788
1,1,1,1,0,0,0,0,1,1,0,0,0,0,9,367.8432
1,1,1,1,0,0,0,0,1,1,0,0,0,1,1,367.1022
1,1,1,1,0,0,0,0,1,1,0,0,0,1,5,367.9934
1,1,1,1,0,0,0,0,1,1,0,0,0,1,9,370.077
1,1,1,1,0,0,0,0,1,1,0,0,1,0,1,366.5448
1,1,1,1,0,0,0,0,1,1,0,0,1,0,5,368.7434
1,1,1,1,0,0,0,0,1,1,0,0,1,0,9,368.1522
1,1,1,1,0,0,0,0,1,1,0,0,1,1,1,367.7154
1,1,1,1,0,0,0,0,1,1,0,0,1,1,5,367.5684
1,1,1,1,0,0,0,0,1,1,0,0,1,1,9,368.39
1,1,1,1,0,1,0,0,1,1,0,0,0,0,1,369.8208
1,1,1,1,0,1,0,0,1,1,0,0,0,0,5,370.2152
1,1,1,1,0,1,0,0,1,1,0,0,0,0,9,368.9956
1,1,1,1,0,1,0,0,1,1,0,0,0,1,1,369.475
1,1,1,1,0,1,0,0,1,1,0,0,0,1,5,368.5688
1,1,1,1,0,1,0,0,1,1,0,0,0,1,9,367.9454
1,1,1,1,0,1,0,0,1,1,0,0,1,0,1,369.4338
1,1,1,1,0,1,0,0,1,1,0,0,1,0,5,367.3364
1,1,1,1,0,1,0,0,1,1,0,0,1,0,9,367.795
1,1,1,1,0,1,0,0,1,1,0,0,1,1,1,369.9372
1,1,1,1,0,1,0,0,1,1,0,0,1,1,5,367.7898
1,1,1,1,0,1,0,0,1,1,0,0,1,1,9,369.512
1,0,0,1,0,0,0,0,1,1,1,0,0,0,1,368.7618
1,0,0,1,0,0,0,0,1,1,1,0,0,0,5,367.4314
1,0,0,1,0,0,0,0,1,1,1,0,0,0,9,367.7594
1,0,0,1,0,0,0,0,1,1,1,0,0,1,1,368.3446
1,0,0,1,0,0,0,0,1,1,1,0,0,1,5,368.4624
1,0,0,1,0,0,0,0,1,1,1,0,0,1,9,367.6912
1,0,0,1,0,0,0,0,1,1,1,0,1,0,1,367.2622
1,0,0,1,0,0,0,0,1,1,1,0,1,0,5,368.8522
1,0,0,1,0,0,0,0,1,1,1,0,1,0,9,367.8324
1,0,0,1,0,0,0,0,1,1,1,0,1,1,1,370.6118
1,0,0,1,0,0,0,0,1,1,1,0,1,1,5,369.8554
1,0,0,1,0,0,0,0,1,1,1,0,1,1,9,367.2104
1,0,0,1,0,0,0,0,1,1,1,1,0,0,1,367.6824
1,0,0,1,0,0,0,0,1,1,1,1,0,0,5,367.2246
1,0,0,1,0,0,0,0,1,1,1,1,0,0,9,369.19
1,0,0,1,0,0,0,0,1,1,1,1,0,1,1,367.871
1,0,0,1,0,0,0,0,1,1,1,1,0,1,5,370.0622
1,0,0,1,0,0,0,0,1,1,1,1,0,1,9,367.5172
1,0,0,1,0,0,0,0,1,1,1,1,1,0,1,367.6098
1,0,0,1,0,0,0,0,1,1,1,1,1,0,5,368.0422
1,0,0,1,0,0,0,0,1,1,1,1,1,0,9,368.9338
1,0,0,1,0,0,0,0,1,1,1,1,1,1,1,368.7966
1,0,0,1,0,0,0,0,1,1,1,1,1,1,5,367.8038
1,0,0,1,0,0,0,0,1,1,1,1,1,1,9,367.5132
1,0,0,1,0,1,0,0,1,1,1,0,0,0,1,368.7986
1,0,0,1,0,1,0,0,1,1,1,0,0,0,5,368.237
1,0,0,1,0,1,0,0,1,1,1,0,0,0,9,367.846
1,0,0,1,0,1,0,0,1,1,1,0,0,1,1,367.6888
1,0,0,1,0,1,0,0,1,1,1,0,0,1,5,368.7232
1,0,0,1,0,1,0,0,1,1,1,0,0,1,9,368.5626
1,0,0,1,0,1,0,0,1,1,1,0,1,0,1,367.7588
1,0,0,1,0,1,0,0,1,1,1,0,1,0,5,368.2768
1,0,0,1,0,1,0,0,1,1,1,0,1,0,9,369.3544
1,0,0,1,0,1,0,0,1,1,1,0,1,1,1,368.9842
1,0,0,1,0,1,0,0,1,1,1,0,1,1,5,367.8216
1,0,0,1,0,1,0,0,1,1,1,0,1,1,9,368.7814
1,0,0,1,0,1,0,0,1,1,1,1,0,0,1,371.7404
1,0,0,1,0,1,0,0,1,1,1,1,0,0,5,369.2896
1,0,0,1,0,1,0,0,1,1,1,1,0,0,9,371.6136
1,0,0,1,0,1,0,0,1,1,1,1,0,1,1,369.6752
1,0,0,1,0,1,0,0,1,1,1,1,0,1,5,367.6612
1,0,0,1,0,1,0,0,1,1,1,1,0,1,9,368.3778
1,0,0,1,0,1,0,0,1,1,1,1,1,0,1,370.0132
1,0,0,1,0,1,0,0,1,1,1,1,1,0,5,369.5996
1,0,0,1,0,1,0,0,1,1,1,1,1,0,9,367.8516
1,0,0,1,0,1,0,0,1,1,1,1,1,1,1,368.0886
1,0,0,1,0,1,0,0,1,1,1,1,1,1,5,368.4998
1,0,0,1,0,1,0,0,1,1,1,1,1,1,9,367.7124
1,0,1,1,0,0,0,0,1,1,1,0,0,0,1,367.5114
1,0,1,1,0,0,0,0,1,1,1,0,0,0,5,368.8294
1,0,1,1,0,0,0,0,1,1,1,0,0,0,9,367.7558
1,0,1,1,0,0,0,0,1,1,1,0,0,1,1,367.6216
1,0,1,1,0,0,0,0,1,1,1,0,0,1,5,368.1412
1,0,1,1,0,0,0,0,1,1,1,0,0,1,9,367.3122
1,0,1,1,0,0,0,0,1,1,1,0,1,0,1,367.5376
1,0,1,1,0,0,0,0,1,1,1,0,1,0,5,367.879
1,0,1,1,0,0,0,0,1,1,1,0,1,0,9,368.004
1,0,1,1,0,0,0,0,1,1,1,0,1,1,1,369.8364
1,0,1,1,0,0,0,0,1,1,1,0,1,1,5,369.6092
1,0,1,1,0,0,0,0,1,1,1,0,1,1,9,367.7796
1,0,1,1,0,0,0,0,1,1,1,1,0,0,1,367.8884
1,0,1,1,0,0,0,0,1,1,1,1,0,0,5,368.6536
1,0,1,1,0,0,0,0,1,1,1,1,0,0,9,368.076
1,0,1,1,0,0,0,0,1,1,1,1,0,1,1,368.5872
1,0,1,1,0,0,0,0,1,1,1,1,0,1,5,367.8824
1,0,1,1,0,0,0,0,1,1,1,1,0,1,9,369.0276
1,0,1,1,0,0,0,0,1,1,1,1,1,0,1,368.4126
1,0,1,1,0,0,0,0,1,1,1,1,1,0,5,367.9672
1,0,1,1,0,0,0,0,1,1,1,1,1,0,9,368.5626
1,0,1,1,0,0,0,0,1,1,1,1,1,1,1,366.1698
1,0,1,1,0,0,0,0,1,1,1,1,1,1,5,368.8968
1,0,1,1,0,0,0,0,1,1,1,1,1,1,9,367.925
1,0,1,1,0,1,0,0,1,1,1,0,0,0,1,368.1914
1,0,1,1,0,1,0,0,1,1,1,0,0,0,5,368.7618
1,0,1,1,0,1,0,0,1,1,1,0,0,0,9,368.5258
1,0,1,1,0,1,0,0,1,1,1,0,0,1,1,370.9004
1,0,1,1,0,1,0,0,1,1,1,0,0,1,5,368.5722
1,0,1,1,0,1,0,0,1,1,1,0,0,1,9,367.9284
1,0,1,1,0,1,0,0,1,1,1,0,1,0,1,369.5982
1,0,1,1,0,1,0,0,1,1,1,0,1,0,5,369.2824
1,0,1,1,0,1,0,0,1,1,1,0,1,0,9,368.5188
1,0,1,1,0,1,0,0,1,1,1,0,1,1,1,368.4378
1,0,1,1,0,1,0,0,1,1,1,0,1,1,5,368.3006
1,0,1,1,0,1,0,0,1,1,1,0,1,1,9,370.249
1,0,1,1,0,1,0,0,1,1,1,1,0,0,1,369.541
1,0,1,1,0,1,0,0,1,1,1,1,0,0,5,370.196
1,0,1,1,0,1,0,0,1,1,1,1,0,0,9,369.5612
1,0,1,1,0,1,0,0,1,1,1,1,0,1,1,368.2492
1,0,1,1,0,1,0,0,1,1,1,1,0,1,5,368.7844
1,0,1,1,0,1,0,0,1,1,1,1,0,1,9,368.3772
1,0,1,1,0,1,0,0,1,1,1,1,1,0,1,368.198
1,0,1,1,0,1,0,0,1,1,1,1,1,0,5,367.2446
1,0,1,1,0,1,0,0,1,1,1,1,1,0,9,368.8132
1,0,1,1,0,1,0,0,1,1,1,1,1,1,1,369.6974
1,0,1,1,0,1,0,0,1,1,1,1,1,1,5,369.0282
1,0,1,1,0,1,0,0,1,1,1,1,1,1,9,366.622
1,1,0,1,0,0,0,0,1,1,1,0,0,0,1,369.2908
1,1,0,1,0,0,0,0,1,1,1,0,0,0,5,368.7934
1,1,0,1,0,0,0,0,1,1,1,0,0,0,9,367.436
1,1,0,1,0,0,0,0,1,1,1,0,0,1,1,369.063
1,1,0,1,0,0,0,0,1,1,1,0,0,1,5,368.6248
1,1,0,1,0,0,0,0,1,1,1,0,0,1,9,368.5338
1,1,0,1,0,0,0,0,1,1,1,0,1,0,1,367.9278
1,1,0,1,0,0,0,0,1,1,1,0,1,0,5,367.4006
1,1,0,1,0,0,0,0,1,1,1,0,1,0,9,368.0788
1,1,0,1,0,0,0,0,1,1,1,0,1,1,1,368.069
1,1,0,1,0,0,0,0,1,1,1,0,1,1,5,369.6856
1,1,0,1,0,0,0,0,1,1,1,0,1,1,9,370.29
1,1,0,1,0,0,0,0,1,1,1,1,0,0,1,368.6576
1,1,0,1,0,0,0,0,1,1,1,1,0,0,5,367.448
1,1,0,1,0,0,0,0,1,1,1,1,0,0,9,368.9726
1,1,0,1,0,0,0,0,1,1,1,1,0,1,1,368.7798
1,1,0,1,0,0,0,0,1,1,1,1,0,1,5,369.9076
1,1,0,1,0,0,0,0,1,1,1,1,0,1,9,367.049
1,1,0,1,0,0,0,0,1,1,1,1,1,0,1,367.698
1,1,0,1,0,0,0,0,1,1,1,1,1,0,5,368.9668
1,1,0,1,0,0,0,0,1,1,1,1,1,0,9,369.0494
1,1,0,1,0,0,0,0,1,1,1,1,1,1,1,369.4868
1,1,0,1,0,0,0,0,1,1,1,1,1,1,5,369.0674
1,1,0,1,0,0,0,0,1,1,1,1,1,1,9,369.3534
1,1,0,1,0,1,0,0,1,1,1,0,0,0,1,370.2426
1,1,0,1,0,1,0,0,1,1,1,0,0,0,5,369.0864
1,1,0,1,0,1,0,0,1,1,1,0,0,0,9,369.2116
1,1,0,1,0,1,0,0,1,1,1,0,0,1,1,369.3142
1,1,0,1,0,1,0,0,1,1,1,0,0,1,5,370.0518
1,1,0,1,0,1,0,0,1,1,1,0,0,1,9,369.916
1,1,0,1,0,1,0,0,1,1,1,0,1,0,1,370.0672
1,1,0,1,0,1,0,0,1,1,1,0,1,0,5,366.7566
1,1,0,1,0,1,0,0,1,1,1,0,1,0,9,370.7526
1,1,0,1,0,1,0,0,1,1,1,0,1,1,1,369.5032
1,1,0,1,0,1,0,0,1,1,1,0,1,1,5,370.3346
1,1,0,1,0,1,0,0,1,1,1,0,1,1,9,369.4806
1,1,0,1,0,1,0,0,1,1,1,1,0,0,1,368.9916
1,1,0,1,0,1,0,0,1,1,1,1,0,0,5,369.348
1,1,0,1,0,1,0,0,1,1,1,1,0,0,9,368.9458
1,1,0,1,0,1,0,0,1,1,1,1,0,1,1,369.2522
1,1,0,1,0,1,0,0,1,1,1,1,0,1,5,369.2076
1,1,0,1,0,1,0,0,1,1,1,1,0,1,9,369.4616
1,1,0,1,0,1,0,0,1,1,1,1,1,0,1,370.1172
1,1,0,1,0,1,0,0,1,1,1,1,1,0,5,369.7612
1,1,0,1,0,1,0,0,1,1,1,1,1,0,9,369.933
1,1,0,1,0,1,0,0,1,1,1,1,1,1,1,368.498
1,1,0,1,0,1,0,0,1,1,1,1,1,1,5,369.4686
1,1,0,1,0,1,0,0,1,1,1,1,1,1,9,370.8624
1,1,1,1,0,0,0,0,1,1,1,0,0,0,1,369.4742
1,1,1,1,0,0,0,0,1,1,1,0,0,0,5,368.7692
1,1,1,1,0,0,0,0,1,1,1,0,0,0,9,369.9976
1,1,1,1,0,0,0,0,1,1,1,0,0,1,1,369.7826
1,1,1,1,0,0,0,0,1,1,1,0,0,1,5,368.6292
1,1,1,1,0,0,0,0,1,1,1,0,0,1,9,369.1722
1,1,1,1,0,0,0,0,1,1,1,0,1,0,1,370.553
1,1,1,1,0,0,0,0,1,1,1,0,1,0,5,370.8632
1,1,1,1,0,0,0,0,1,1,1,0,1,0,9,369.371
1,1,1,1,0,0,0,0,1,1,1,0,1,1,1,370.4844
1,1,1,1,0,0,0,0,1,1,1,0,1,1,5,369.603
1,1,1,1,0,0,0,0,1,1,1,0,1,1,9,368.8176
1,1,1,1,0,0,0,0,1,1,1,1,0,0,1,367.8208
1,1,1,1,0,0,0,0,1,1,1,1,0,0,5,369.7028
1,1,1,1,0,0,0,0,1,1,1,1,0,0,9,368.5808
1,1,1,1,0,0,0,0,1,1,1,1,0,1,1,368.2782
1,1,1,1,0,0,0,0,1,1,1,1,0,1,5,371.0692
1,1,1,1,0,0,0,0,1,1,1,1,0,1,9,367.5596
1,1,1,1,0,0,0,0,1,1,1,1,1,0,1,368.3812
1,1,1,1,0,0,0,0,1,1,1,1,1,0,5,370.1328
1,1,1,1,0,0,0,0,1,1,1,1,1,0,9,369.8492
1,1,1,1,0,0,0,0,1,1,1,1,1,1,1,368.4922
1,1,1,1,0,0,0,0,1,1,1,1,1,1,5,368.917
1,1,1,1,0,0,0,0,1,1,1,1,1,1,9,367.5364
1,1,1,1,0,1,0,0,1,1,1,0,0,0,1,368.7506
1,1,1,1,0,1,0,0,1,1,1,0,0,0,5,368.7058
1,1,1,1,0,1,0,0,1,1,1,0,0,0,9,368.0962
1,1,1,1,0,1,0,0,1,1,1,0,0,1,1,369.2286
1,1,1,1,0,1,0,0,1,1,1,0,0,1,5,368.2608
1,1,1,1,0,1,0,0,1,1,1,0,0,1,9,368.0072
1,1,1,1,0,1,0,0,1,1,1,0,1,0,1,369.2192
1,1,1,1,0,1,0,0,1,1,1,0,1,0,5,368.259
1,1,1,1,0,1,0,0,1,1,1,0,1,0,9,367.6158
1,1,1,1,0,1,0,0,1,1,1,0,1,1,1,370.4154
1,1,1,1,0,1,0,0,1,1,1,0,1,1,5,369.4116
1,1,1,1,0,1,0,0,1,1,1,0,1,1,9,368.094
1,1,1,1,0,1,0,0,1,1,1,1,0,0,1,370.1726
1,1,1,1,0,1,0,0,1,1,1,1,0,0,5,367.0344
1,1,1,1,0,1,0,0,1,1,1,1,0,0,9,369.0364
1,1,1,1,0,1,0,0,1,1,1,1,0,1,1,368.3954
1,1,1,1,0,1,0,0,1,1,1,1,0,1,5,369.0878
1,1,1,1,0,1,0,0,1,1,1,1,0,1,9,369.3542
1,1,1,1,0,1,0,0,1,1,1,1,1,0,1,367.2138
1,1,1,1,0,1,0,0,1,1,1,1,1,0,5,369.1838
1,1,1,1,0,1,0,0,1,1,1,1,1,0,9,369.1284
1,1,1,1,0,1,0,0,1,1,1,1,1,1,1,369.1958
1,1,1,1,0,1,0,0,1,1,1,1,1,1,5,369.161
1,1,1,1,0,1,0,0,1,1,1,1,1,1,9,369.135
1,0,0,1,0,0,0,1,1,1,0,0,0,0,1,368.4766
1,0,0,1,0,0,0,1,1,1,0,0,0,0,5,368.6298
1,0,0,1,0,0,0,1,1,1,0,0,0,0,9,367.5124
1,0,0,1,0,0,0,1,1,1,0,0,0,1,1,369.1012
1,0,0,1,0,0,0,1,1,1,0,0,0,1,5,370.304
1,0,0,1,0,0,0,1,1,1,0,0,0,1,9,366.8024
1,0,0,1,0,0,0,1,1,1,0,0,1,0,1,368.1872
1,0,0,1,0,0,0,1,1,1,0,0,1,0,5,368.8234
1,0,0,1,0,0,0,1,1,1,0,0,1,0,9,369.1768
1,0,0,1,0,0,0,1,1,1,0,0,1,1,1,369.7904
1,0,0,1,0,0,0,1,1,1,0,0,1,1,5,368.1268
1,0,0,1,0,0,0,1,1,1,0,0,1,1,9,367.3258
1,0,0,1,0,1,0,1,1,1,0,0,0,0,1,370.338
1,0,0,1,0,1,0,1,1,1,0,0,0,0,5,368.0426
1,0,0,1,0,1,0,1,1,1,0,0,0,0,9,369.754
1,0,0,1,0,1,0,1,1,1,0,0,0,1,1,369.4646
1,0,0,1,0,1,0,1,1,1,0,0,0,1,5,368.5188
1,0,0,1,0,1,0,1,1,1,0,0,0,1,9,370.806
1,0,0,1,0,1,0,1,1,1,0,0,1,0,1,370.3896
1,0,0,1,0,1,0,1,1,1,0,0,1,0,5,368.8152
1,0,0,1,0,1,0,1,1,1,0,0,1,0,9,367.7434
1,0,0,1,0,1,0,1,1,1,0,0,1,1,1,367.2546
1,0,0,1,0,1,0,1,1,1,0,0,1,1,5,366.4574
1,0,0,1,0,1,0,1,1,1,0,0,1,1,9,365.1068
1,0,1,1,0,0,0,1,1,1,0,0,0,0,1,367.2212
1,0,1,1,0,0,0,1,1,1,0,0,0,0,5,369.201
1,0,1,1,0,0,0,1,1,1,0,0,0,0,9,367.0954
1,0,1,1,0,0,0,1,1,1,0,0,0,1,1,367.6544
1,0,1,1,0,0,0,1,1,1,0,0,0,1,5,367.53
1,0,1,1,0,0,0,1,1,1,0,0,0,1,9,367.5512
1,0,1,1,0,0,0,1,1,1,0,0,1,0,1,368.5722
1,0,1,1,0,0,0,1,1,1,0,0,1,0,5,368.698
1,0,1,1,0,0,0,1,1,1,0,0,1,0,9,369.7422
1,0,1,1,0,0,0,1,1,1,0,0,1,1,1,367.8768
1,0,1,1,0,0,0,1,1,1,0,0,1,1,5,367.0574
1,0,1,1,0,0,0,1,1,1,0,0,1,1,9,369.075
1,0,1,1,0,1,0,1,1,1,0,0,0,0,1,368.1404
1,0,1,1,0,1,0,1,1,1,0,0,0,0,5,369.3898
1,0,1,1,0,1,0,1,1,1,0,0,0,0,9,367.8562
1,0,1,1,0,1,0,1,1,1,0,0,0,1,1,367.9768
1,0,1,1,0,1,0,1,1,1,0,0,0,1,5,369.42
1,0,1,1,0,1,0,1,1,1,0,0,0,1,9,368.9296
1,0,1,1,0,1,0,1,1,1,0,0,1,0,1,368.5626
1,0,1,1,0,1,0,1,1,1,0,0,1,0,5,368.8974
1,0,1,1,0,1,0,1,1,1,0,0,1,0,9,369.7558
1,0,1,1,0,1,0,1,1,1,0,0,1,1,1,369.353
1,0,1,1,0,1,0,1,1,1,0,0,1,1,5,368.724
1,0,1,1,0,1,0,1,1,1,0,0,1,1,9,368.4948
1,1,0,1,0,0,0,1,1,1,0,0,0,0,1,367.4366
1,1,0,1,0,0,0,1,1,1,0,0,0,0,5,369.0988
1,1,0,1,0,0,0,1,1,1,0,0,0,0,9,368.6166
1,1,0,1,0,0,0,1,1,1,0,0,0,1,1,369.103
1,1,0,1,0,0,0,1,1,1,0,0,0,1,5,369.7192
1,1,0,1,0,0,0,1,1,1,0,0,0,1,9,369.6318
1,1,0,1,0,0,0,1,1,1,0,0,1,0,1,367.6198
1,1,0,1,0,0,0,1,1,1,0,0,1,0,5,368.0726
1,1,0,1,0,0,0,1,1,1,0,0,1,0,9,368.2728
1,1,0,1,0,0,0,1,1,1,0,0,1,1,1,369.9536
1,1,0,1,0,0,0,1,1,1,0,0,1,1,5,367.3598
1,1,0,1,0,0,0,1,1,1,0,0,1,1,9,369.4814
1,1,0,1,0,1,0,1,1,1,0,0,0,0,1,369.8466
1,1,0,1,0,1,0,1,1,1,0,0,0,0,5,370.0048
1,1,0,1,0,1,0,1,1,1,0,0,0,0,9,368.391
1,1,0,1,0,1,0,1,1,1,0,0,0,1,1,368.9526
1,1,0,1,0,1,0,1,1,1,0,0,0,1,5,369.3692
1,1,0,1,0,1,0,1,1,1,0,0,0,1,9,367.908
1,1,0,1,0,1,0,1,1,1,0,0,1,0,1,368.4078
1,1,0,1,0,1,0,1,1,1,0,0,1,0,5,367.754
1,1,0,1,0,1,0,1,1,1,0,0,1,0,9,368.9978
1,1,0,1,0,1,0,1,1,1,0,0,1,1,1,369.58
1,1,0,1,0,1,0,1,1,1,0,0,1,1,5,368.2476
1,1,0,1,0,1,0,1,1,1,0,0,1,1,9,368.8076
1,1,1,1,0,0,0,1,1,1,0,0,0,0,1,366.2418
1,1,1,1,0,0,0,1,1,1,0,0,0,0,5,369.288
1,1,1,1,0,0,0,1,1,1,0,0,0,0,9,367.1586
1,1,1,1,0,0,0,1,1,1,0,0,0,1,1,367.161
1,1,1,1,0,0,0,1,1,1,0,0,0,1,5,368.0746
1,1,1,1,0,0,0,1,1,1,0,0,0,1,9,367.7518
1,1,1,1,0,0,0,1,1,1,0,0,1,0,1,367.219
1,1,1,1,0,0,0,1,1,1,0,0,1,0,5,368.7306
1,1,1,1,0,0,0,1,1,1,0,0,1,0,9,368.756
1,1,1,1,0,0,0,1,1,1,0,0,1,1,1,367.671
1,1,1,1,0,0,0,1,1,1,0,0,1,1,5,367.548
1,1,1,1,0,0,0,1,1,1,0,0,1,1,9,368.4122
1,1,1,1,0,1,0,1,1,1,0,0,0,0,1,368.5854
1,1,1,1,0,1,0,1,1,1,0,0,0,0,5,367.5586
1,1,1,1,0,1,0,1,1,1,0,0,0,0,9,367.8648
1,1,1,1,0,1,0,1,1,1,0,0,0,1,1,368.3716
1,1,1,1,0,1,0,1,1,1,0,0,0,1,5,368.2494
1,1,1,1,0,1,0,1,1,1,0,0,0,1,9,367.7142
1,1,1,1,0,1,0,1,1,1,0,0,1,0,1,369.3914
1,1,1,1,0,1,0,1,1,1,0,0,1,0,5,367.9792
1,1,1,1,0,1,0,1,1,1,0,0,1,0,9,366.8636
1,1,1,1,0,1,0,1,1,1,0,0,1,1,1,368.1798
1,1,1,1,0,1,0,1,1,1,0,0,1,1,5,369.8938
1,1,1,1,0,1,0,1,1,1,0,0,1,1,9,367.7226
1,0,0,1,0,0,0,1,1,1,1,0,0,0,1,368.1304
1,0,0,1,0,0,0,1,1,1,1,0,0,0,5,369.3076
1,0,0,1,0,0,0,1,1,1,1,0,0,0,9,368.364
1,0,0,1,0,0,0,1,1,1,1,0,0,1,1,368.3464
1,0,0,1,0,0,0,1,1,1,1,0,0,1,5,368.8394
1,0,0,1,0,0,0,1,1,1,1,0,0,1,9,369.2348
1,0,0,1,0,0,0,1,1,1,1,0,1,0,1,367.7286
1,0,0,1,0,0,0,1,1,1,1,0,1,0,5,368.2124
1,0,0,1,0,0,0,1,1,1,1,0,1,0,9,367.5302
1,0,0,1,0,0,0,1,1,1,1,0,1,1,1,366.0812
1,0,0,1,0,0,0,1,1,1,1,0,1,1,5,368.0296
1,0,0,1,0,0,0,1,1,1,1,0,1,1,9,367.453
1,0,0,1,0,0,0,1,1,1,1,1,0,0,1,367.226
1,0,0,1,0,0,0,1,1,1,1,1,0,0,5,367.7928
1,0,0,1,0,0,0,1,1,1,1,1,0,0,9,368.753
1,0,0,1,0,0,0,1,1,1,1,1,0,1,1,368.572
1,0,0,1,0,0,0,1,1,1,1,1,0,1,5,368.9836
1,0,0,1,0,0,0,1,1,1,1,1,0,1,9,367.2972
1,0,0,1,0,0,0,1,1,1,1,1,1,0,1,368.507
1,0,0,1,0,0,0,1,1,1,1,1,1,0,5,368.9926
1,0,0,1,0,0,0,1,1,1,1,1,1,0,9,368.5378
1,0,0,1,0,0,0,1,1,1,1,1,1,1,1,368.0726
1,0,0,1,0,0,0,1,1,1,1,1,1,1,5,367.0402
1,0,0,1,0,0,0,1,1,1,1,1,1,1,9,368.8672
1,0,0,1,0,1,0,1,1,1,1,0,0,0,1,368.1656
1,0,0,1,0,1,0,1,1,1,1,0,0,0,5,368.0258
1,0,0,1,0,1,0,1,1,1,1,0,0,0,9,369.0478
1,0,0,1,0,1,0,1,1,1,1,0,0,1,1,369.744
1,0,0,1,0,1,0,1,1,1,1,0,0,1,5,369.0046
1,0,0,1,0,1,0,1,1,1,1,0,0,1,9,367.6532
1,0,0,1,0,1,0,1,1,1,1,0,1,0,1,369.1924
1,0,0,1,0,1,0,1,1,1,1,0,1,0,5,367.2478
1,0,0,1,0,1,0,1,1,1,1,0,1,0,9,368.5416
1,0,0,1,0,1,0,1,1,1,1,0,1,1,1,367.7226
1,0,0,1,0,1,0,1,1,1,1,0,1,1,5,368.419
1,0,0,1,0,1,0,1,1,1,1,0,1,1,9,367.27
1,0,0,1,0,1,0,1,1,1,1,1,0,0,1,369.0956
1,0,0,1,0,1,0,1,1,1,1,1,0,0,5,368.0486
1,0,0,1,0,1,0,1,1,1,1,1,0,0,9,369.7398
1,0,0,1,0,1,0,1,1,1,1,1,0,1,1,368.095
1,0,0,1,0,1,0,1,1,1,1,1,0,1,5,369.5056
1,0,0,1,0,1,0,1,1,1,1,1,0,1,9,365.1512
1,0,0,1,0,1,0,1,1,1,1,1,1,0,1,367.6082
1,0,0,1,0,1,0,1,1,1,1,1,1,0,5,365.6164
1,0,0,1,0,1,0,1,1,1,1,1,1,0,9,367.1802
1,0,0,1,0,1,0,1,1,1,1,1,1,1,1,367.3712
1,0,0,1,0,1,0,1,1,1,1,1,1,1,5,368.3864
1,0,0,1,0,1,0,1,1,1,1,1,1,1,9,369.6768
1,0,1,1,0,0,0,1,1,1,1,0,0,0,1,367.7154
1,0,1,1,0,0,0,1,1,1,1,0,0,0,5,368.1594
1,0,1,1,0,0,0,1,1,1,1,0,0,0,9,368.2192
1,0,1,1,0,0,0,1,1,1,1,0,0,1,1,368.0312
1,0,1,1,0,0,0,1,1,1,1,0,0,1,5,369.075
1,0,1,1,0,0,0,1,1,1,1,0,0,1,9,366.8036
1,0,1,1,0,0,0,1,1,1,1,0,1,0,1,369.5996
1,0,1,1,0,0,0,1,1,1,1,0,1,0,5,368.8472
1,0,1,1,0,0,0,1,1,1,1,0,1,0,9,367.6792
1,0,1,1,0,0,0,1,1,1,1,0,1,1,1,367.2992
1,0,1,1,0,0,0,1,1,1,1,0,1,1,5,367.317
1,0,1,1,0,0,0,1,1,1,1,0,1,1,9,368.1576
1,0,1,1,0,0,0,1,1,1,1,1,0,0,1,368.061
1,0,1,1,0,0,0,1,1,1,1,1,0,0,5,369.0926
1,0,1,1,0,0,0,1,1,1,1,1,0,0,9,369.8276
1,0,1,1,0,0,0,1,1,1,1,1,0,1,1,370.8192
1,0,1,1,0,0,0,1,1,1,1,1,0,1,5,367.8556
1,0,1,1,0,0,0,1,1,1,1,1,0,1,9,366.753
1,0,1,1,0,0,0,1,1,1,1,1,1,0,1,367.2942
1,0,1,1,0,0,0,1,1,1,1,1,1,0,5,367.8346
1,0,1,1,0,0,0,1,1,1,1,1,1,0,9,368.628
1,0,1,1,0,0,0,1,1,1,1,1,1,1,1,369.9554
1,0,1,1,0,0,0,1,1,1,1,1,1,1,5,370.3326
1,0,1,1,0,0,0,1,1,1,1,1,1,1,9,368.3128
1,0,1,1,0,1,0,1,1,1,1,0,0,0,1,366.384
1,0,1,1,0,1,0,1,1,1,1,0,0,0,5,367.8012
1,0,1,1,0,1,0,1,1,1,1,0,0,0,9,367.521
1,0,1,1,0,1,0,1,1,1,1,0,0,1,1,368.0088
1,0,1,1,0,1,0,1,1,1,1,0,0,1,5,369.5034
1,0,1,1,0,1,0,1,1,1,1,0,0,1,9,369.1382
1,0,1,1,0,1,0,1,1,1,1,0,1,0,1,367.251
1,0,1,1,0,1,0,1,1,1,1,0,1,0,5,367.8446
1,0,1,1,0,1,0,1,1,1,1,0,1,0,9,367.0176
1,0,1,1,0,1,0,1,1,1,1,0,1,1,1,367.119
1,0,1,1,0,1,0,1,1,1,1,0,1,1,5,367.9684
1,0,1,1,0,1,0,1,1,1,1,0,1,1,9,367.1412
1,0,1,1,0,1,0,1,1,1,1,1,0,0,1,368.28
1,0,1,1,0,1,0,1,1,1,1,1,0,0,5,368.1532
1,0,1,1,0,1,0,1,1,1,1,1,0,0,9,368.4746
1,0,1,1,0,1,0,1,1,1,1,1,0,1,1,368.0052
1,0,1,1,0,1,0,1,1,1,1,1,0,1,5,368.3444
1,0,1,1,0,1,0,1,1,1,1,1,0,1,9,368.6034
1,0,1,1,0,1,0,1,1,1,1,1,1,0,1,368.5526
1,0,1,1,0,1,0,1,1,1,1,1,1,0,5,367.2402
1,0,1,1,0,1,0,1,1,1,1,1,1,0,9,369.4758
1,0,1,1,0,1,0,1,1,1,1,1,1,1,1,368.5242
1,0,1,1,0,1,0,1,1,1,1,1,1,1,5,368.5964
1,0,1,1,0,1,0,1,1,1,1,1,1,1,9,367.964
1,1,0,1,0,0,0,1,1,1,1,0,0,0,1,368.254
1,1,0,1,0,0,0,1,1,1,1,0,0,0,5,368.0222
1,1,0,1,0,0,0,1,1,1,1,0,0,0,9,369.3138
1,1,0,1,0,0,0,1,1,1,1,0,0,1,1,368.8282
1,1,0,1,0,0,0,1,1,1,1,0,0,1,5,368.7822
1,1,0,1,0,0,0,1,1,1,1,0,0,1,9,368.0382
1,1,0,1,0,0,0,1,1,1,1,0,1,0,1,368.4206
1,1,0,1,0,0,0,1,1,1,1,0,1,0,5,367.8772
1,1,0,1,0,0,0,1,1,1,1,0,1,0,9,368.4204
1,1,0,1,0,0,0,1,1,1,1,0,1,1,1,369.5674
1,1,0,1,0,0,0,1,1,1,1,0,1,1,5,368.0344
1,1,0,1,0,0,0,1,1,1,1,0,1,1,9,369.4006
1,1,0,1,0,0,0,1,1,1,1,1,0,0,1,367.8642
1,1,0,1,0,0,0,1,1,1,1,1,0,0,5,368.2744
1,1,0,1,0,0,0,1,1,1,1,1,0,0,9,367.5294
1,1,0,1,0,0,0,1,1,1,1,1,0,1,1,368.0022
1,1,0,1,0,0,0,1,1,1,1,1,0,1,5,368.1338
1,1,0,1,0,0,0,1,1,1,1,1,0,1,9,368.5232
1,1,0,1,0,0,0,1,1,1,1,1,1,0,1,368.9646
1,1,0,1,0,0,0,1,1,1,1,1,1,0,5,368.4236
1,1,0,1,0,0,0,1,1,1,1,1,1,0,9,368.7418
1,1,0,1,0,0,0,1,1,1,1,1,1,1,1,366.9142
1,1,0,1,0,0,0,1,1,1,1,1,1,1,5,368.3082
1,1,0,1,0,0,0,1,1,1,1,1,1,1,9,367.941
1,1,0,1,0,1,0,1,1,1,1,0,0,0,1,369.4046
1,1,0,1,0,1,0,1,1,1,1,0,0,0,5,369.6092
1,1,0,1,0,1,0,1,1,1,1,0,0,0,9,367.5592
1,1,0,1,0,1,0,1,1,1,1,0,0,1,1,367.8592
1,1,0,1,0,1,0,1,1,1,1,0,0,1,5,367.1984
1,1,0,1,0,1,0,1,1,1,1,0,0,1,9,367.0898
1,1,0,1,0,1,0,1,1,1,1,0,1,0,1,369.5962
1,1,0,1,0,1,0,1,1,1,1,0,1,0,5,367.6268
1,1,0,1,0,1,0,1,1,1,1,0,1,0,9,368.7632
1,1,0,1,0,1,0,1,1,1,1,0,1,1,1,367.7614
1,1,0,1,0,1,0,1,1,1,1,0,1,1,5,367.2668
1,1,0,1,0,1,0,1,1,1,1,0,1,1,9,367.5218
1,1,0,1,0,1,0,1,1,1,1,1,0,0,1,368.1418
1,1,0,1,0,1,0,1,1,1,1,1,0,0,5,368.6532
1,1,0,1,0,1,0,1,1,1,1,1,0,0,9,369.188
1,1,0,1,0,1,0,1,1,1,1,1,0,1,1,368.1232
1,1,0,1,0,1,0,1,1,1,1,1,0,1,5,368.3296
1,1,0,1,0,1,0,1,1,1,1,1,0,1,9,367.622
1,1,0,1,0,1,0,1,1,1,1,1,1,0,1,368.872
1,1,0,1,0,1,0,1,1,1,1,1,1,0,5,368.1286
1,1,0,1,0,1,0,1,1,1,1,1,1,0,9,369.8818
1,1,0,1,0,1,0,1,1,1,1,1,1,1,1,368.7974
1,1,0,1,0,1,0,1,1,1,1,1,1,1,5,367.9932
1,1,0,1,0,1,0,1,1,1,1,1,1,1,9,367.8932
1,1,1,1,0,0,0,1,1,1,1,0,0,0,1,368.3012
1,1,1,1,0,0,0,1,1,1,1,0,0,0,5,368.2726
1,1,1,1,0,0,0,1,1,1,1,0,0,0,9,368.4362
1,1,1,1,0,0,0,1,1,1,1,0,0,1,1,367.5576
1,1,1,1,0,0,0,1,1,1,1,0,0,1,5,367.1888
1,1,1,1,0,0,0,1,1,1,1,0,0,1,9,369.3972
1,1,1,1,0,0,0,1,1,1,1,0,1,0,1,368.865
1,1,1,1,0,0,0,1,1,1,1,0,1,0,5,368.4096
1,1,1,1,0,0,0,1,1,1,1,0,1,0,9,369.0446
1,1,1,1,0,0,0,1,1,1,1,0,1,1,1,366.9404
1,1,1,1,0,0,0,1,1,1,1,0,1,1,5,366.1834
1,1,1,1,0,0,0,1,1,1,1,0,1,1,9,369.3016
1,1,1,1,0,0,0,1,1,1,1,1,0,0,1,367.9846
1,1,1,1,0,0,0,1,1,1,1,1,0,0,5,369.8706
1,1,1,1,0,0,0,1,1,1,1,1,0,0,9,369.0122
1,1,1,1,0,0,0,1,1,1,1,1,0,1,1,367.3654
1,1,1,1,0,0,0,1,1,1,1,1,0,1,5,369.1248
1,1,1,1,0,0,0,1,1,1,1,1,0,1,9,368.5368
1,1,1,1,0,0,0,1,1,1,1,1,1,0,1,368.0674
1,1,1,1,0,0,0,1,1,1,1,1,1,0,5,369.2274
1,1,1,1,0,0,0,1,1,1,1,1,1,0,9,368.1896
1,1,1,1,0,0,0,1,1,1,1,1,1,1,1,367.198
1,1,1,1,0,0,0,1,1,1,1,1,1,1,5,370.1886
1,1,1,1,0,0,0,1,1,1,1,1,1,1,9,368.3774
1,1,1,1,0,1,0,1,1,1,1,0,0,0,1,369.3848
1,1,1,1,0,1,0,1,1,1,1,0,0,0,5,367.3644
1,1,1,1,0,1,0,1,1,1,1,0,0,0,9,368.0482
1,1,1,1,0,1,0,1,1,1,1,0,0,1,1,369.211
1,1,1,1,0,1,0,1,1,1,1,0,0,1,5,368.4268
1,1,1,1,0,1,0,1,1,1,1,0,0,1,9,368.6932
1,1,1,1,0,1,0,1,1,1,1,0,1,0,1,369.0368
1,1,1,1,0,1,0,1,1,1,1,0,1,0,5,367.7962
1,1,1,1,0,1,0,1,1,1,1,0,1,0,9,369.2348
1,1,1,1,0,1,0,1,1,1,1,0,1,1,1,368.9304
1,1,1,1,0,1,0,1,1,1,1,0,1,1,5,366.8506
1,1,1,1,0,1,0,1,1,1,1,0,1,1,9,368.9688
1,1,1,1,0,1,0,1,1,1,1,1,0,0,1,368.5424
1,1,1,1,0,1,0,1,1,1,1,1,0,0,5,367.3588
1,1,1,1,0,1,0,1,1,1,1,1,0,0,9,368.2724
1,1,1,1,0,1,0,1,1,1,1,1,0,1,1,368.6794
1,1,1,1,0,1,0,1,1,1,1,1,0,1,5,367.8426
1,1,1,1,0,1,0,1,1,1,1,1,0,1,9,368.4554
1,1,1,1,0,1,0,1,1,1,1,1,1,0,1,369.121
1,1,1,1,0,1,0,1,1,1,1,1,1,0,5,369.439
1,1,1,1,0,1,0,1,1,1,1,1,1,0,9,368.1024
1,1,1,1,0,1,0,1,1,1,1,1,1,1,1,368.3094
1,1,1,1,0,1,0,1,1,1,1,1,1,1,5,369.3896
1,1,1,1,0,1,0,1,1,1,1,1,1,1,9,368.6328
1,0,0,0,1,0,1,0,1,1,0,0,0,0,1,6.0916
1,0,0,0,1,0,1,0,1,1,0,0,0,1,1,6.0862
1,0,0,0,1,0,1,0,1,1,0,0,1,0,1,6.055
1,0,0,0,1,0,1,0,1,1,0,0,1,1,1,5.95
1,0,0,0,1,1,1,0,1,1,0,0,0,0,1,5.9708
1,0,0,0,1,1,1,0,1,1,0,0,0,1,1,5.938
1,0,0,0,1,1,1,0,1,1,0,0,1,0,1,6.0584
1,0,0,0,1,1,1,0,1,1,0,0,1,1,1,5.958
1,0,1,0,1,0,1,0,1,1,0,0,0,0,1,6.1828
1,0,1,0,1,0,1,0,1,1,0,0,0,1,1,6.0664
1,0,1,0,1,0,1,0,1,1,0,0,1,0,1,5.9766
1,0,1,0,1,0,1,0,1,1,0,0,1,1,1,6.0562
1,0,1,0,1,1,1,0,1,1,0,0,0,0,1,6.089
1,0,1,0,1,1,1,0,1,1,0,0,0,1,1,5.9984
1,0,1,0,1,1,1,0,1,1,0,0,1,0,1,5.9716
1,0,1,0,1,1,1,0,1,1,0,0,1,1,1,5.9304
1,1,0,0,1,0,1,0,1,1,0,0,0,0,1,5.9762
1,1,0,0,1,0,1,0,1,1,0,0,0,1,1,6.04
1,1,0,0,1,0,1,0,1,1,0,0,1,0,1,5.9356
1,1,0,0,1,0,1,0,1,1,0,0,1,1,1,6.084
1,1,0,0,1,1,1,0,1,1,0,0,0,0,1,6.0044
1,1,0,0,1,1,1,0,1,1,0,0,0,1,1,6.1224
1,1,0,0,1,1,1,0,1,1,0,0,1,0,1,5.951
1,1,0,0,1,1,1,0,1,1,0,0,1,1,1,6.0404
1,1,1,0,1,0,1,0,1,1,0,0,0,0,1,5.9776
1,1,1,0,1,0,1,0,1,1,0,0,0,1,1,6.0224
1,1,1,0,1,0,1,0,1,1,0,0,1,0,1,6.093
1,1,1,0,1,0,1,0,1,1,0,0,1,1,1,6.1264
1,1,1,0,1,1,1,0,1,1,0,0,0,0,1,6.0094
1,1,1,0,1,1,1,0,1,1,0,0,0,1,1,5.9746
1,1,1,0,1,1,1,0,1,1,0,0,1,0,1,6.0432
1,1,1,0,1,1,1,0,1,1,0,0,1,1,1,6.0694
1,0,0,0,1,0,1,0,1,1,1,0,0,0,1,6.1176
1,0,0,0,1,0,1,0,1,1,1,0,0,1,1,6.1234
1,0,0,0,1,0,1,0,1,1,1,0,1,0,1,5.8872
1,0,0,0,1,0,1,0,1,1,1,0,1,1,1,5.9812
1,0,0,0,1,0,1,0,1,1,1,1,0,0,1,5.974
1,0,0,0,1,0,1,0,1,1,1,1,0,1,1,5.9618
1,0,0,0,1,0,1,0,1,1,1,1,1,0,1,6.0028
1,0,0,0,1,0,1,0,1,1,1,1,1,1,1,6.0184
1,0,0,0,1,1,1,0,1,1,1,0,0,0,1,6.0048
1,0,0,0,1,1,1,0,1,1,1,0,0,1,1,6.0136
1,0,0,0,1,1,1,0,1,1,1,0,1,0,1,6.029
1,0,0,0,1,1,1,0,1,1,1,0,1,1,1,5.9446
1,0,0,0,1,1,1,0,1,1,1,1,0,0,1,5.9938
1,0,0,0,1,1,1,0,1,1,1,1,0,1,1,5.9838
1,0,0,0,1,1,1,0,1,1,1,1,1,0,1,5.994
1,0,0,0,1,1,1,0,1,1,1,1,1,1,1,5.9302
1,0,1,0,1,0,1,0,1,1,1,0,0,0,1,6.0518
1,0,1,0,1,0,1,0,1,1,1,0,0,1,1,5.9964
1,0,1,0,1,0,1,0,1,1,1,0,1,0,1,6.0182
1,0,1,0,1,0,1,0,1,1,1,0,1,1,1,5.981
1,0,1,0,1,0,1,0,1,1,1,1,0,0,1,5.9752
1,0,1,0,1,0,1,0,1,1,1,1,0,1,1,5.9408
1,0,1,0,1,0,1,0,1,1,1,1,1,0,1,6.0638
1,0,1,0,1,0,1,0,1,1,1,1,1,1,1,5.9944
1,0,1,0,1,1,1,0,1,1,1,0,0,0,1,6.0016
1,0,1,0,1,1,1,0,1,1,1,0,0,1,1,5.9262
1,0,1,0,1,1,1,0,1,1,1,0,1,0,1,6.0604
1,0,1,0,1,1,1,0,1,1,1,0,1,1,1,6.0246
1,0,1,0,1,1,1,0,1,1,1,1,0,0,1,5.9502
1,0,1,0,1,1,1,0,1,1,1,1,0,1,1,6.018
1,0,1,0,1,1,1,0,1,1,1,1,1,0,1,5.9854
1,0,1,0,1,1,1,0,1,1,1,1,1,1,1,6.0192
1,1,0,0,1,0,1,0,1,1,1,0,0,0,1,6.0202
1,1,0,0,1,0,1,0,1,1,1,0,0,1,1,6.0608
1,1,0,0,1,0,1,0,1,1,1,0,1,0,1,6.0346
1,1,0,0,1,0,1,0,1,1,1,0,1,1,1,6.0048
1,1,0,0,1,0,1,0,1,1,1,1,0,0,1,6.0002
1,1,0,0,1,0,1,0,1,1,1,1,0,1,1,6.0162
1,1,0,0,1,0,1,0,1,1,1,1,1,0,1,5.995
1,1,0,0,1,0,1,0,1,1,1,1,1,1,1,6.1172
1,1,0,0,1,1,1,0,1,1,1,0,0,0,1,6.0088
1,1,0,0,1,1,1,0,1,1,1,0,0,1,1,5.9686
1,1,0,0,1,1,1,0,1,1,1,0,1,0,1,6.0134
1,1,0,0,1,1,1,0,1,1,1,0,1,1,1,6.0306
1,1,0,0,1,1,1,0,1,1,1,1,0,0,1,5.9524
1,1,0,0,1,1,1,0,1,1,1,1,0,1,1,5.996
1,1,0,0,1,1,1,0,1,1,1,1,1,0,1,6.056
1,1,0,0,1,1,1,0,1,1,1,1,1,1,1,6.1372
1,1,1,0,1,0,1,0,1,1,1,0,0,0,1,6.0646
1,1,1,0,1,0,1,0,1,1,1,0,0,1,1,5.9708
1,1,1,0,1,0,1,0,1,1,1,0,1,0,1,6.0484
1,1,1,0,1,0,1,0,1,1,1,0,1,1,1,6.0052
1,1,1,0,1,0,1,0,1,1,1,1,0,0,1,6.1182
1,1,1,0,1,0,1,0,1,1,1,1,0,1,1,5.9468
1,1,1,0,1,0,1,0,1,1,1,1,1,0,1,6.099
1,1,1,0,1,0,1,0,1,1,1,1,1,1,1,6.155
1,1,1,0,1,1,1,0,1,1,1,0,0,0,1,6.0408
1,1,1,0,1,1,1,0,1,1,1,0,0,1,1,6.2152
1,1,1,0,1,1,1,0,1,1,1,0,1,0,1,5.9804
1,1,1,0,1,1,1,0,1,1,1,0,1,1,1,5.9732
1,1,1,0,1,1,1,0,1,1,1,1,0,0,1,6.0196
1,1,1,0,1,1,1,0,1,1,1,1,0,1,1,6.0562
1,1,1,0,1,1,1,0,1,1,1,1,1,0,1,6.0326
1,1,1,0,1,1,1,0,1,1,1,1,1,1,1,6.0098
1,0,0,0,1,0,1,1,1,1,0,0,0,0,1,11.08
1,0,0,0,1,0,1,1,1,1,0,0,0,1,1,11.8836
1,0,0,0,1,0,1,1,1,1,0,0,1,0,1,11.5036
1,0,0,0,1,0,1,1,1,1,0,0,1,1,1,11.875
1,0,0,0,1,1,1,1,1,1,0,0,0,0,1,10.9992
1,0,0,0,1,1,1,1,1,1,0,0,0,1,1,10.2606
1,0,0,0,1,1,1,1,1,1,0,0,1,0,1,11.2008
1,0,0,0,1,1,1,1,1,1,0,0,1,1,1,10.74
1,0,1,0,1,0,1,1,1,1,0,0,0,0,1,12.1904
1,0,1,0,1,0,1,1,1,1,0,0,0,1,1,11.9976
1,0,1,0,1,0,1,1,1,1,0,0,1,0,1,10.7446
1,0,1,0,1,0,1,1,1,1,0,0,1,1,1,11.3974
1,0,1,0,1,1,1,1,1,1,0,0,0,0,1,11.2228
1,0,1,0,1,1,1,1,1,1,0,0,0,1,1,11.0162
1,0,1,0,1,1,1,1,1,1,0,0,1,0,1,10.8458
1,0,1,0,1,1,1,1,1,1,0,0,1,1,1,10.5408
1,1,0,0,1,0,1,1,1,1,0,0,0,0,1,11.4196
1,1,0,0,1,0,1,1,1,1,0,0,0,1,1,11.7712
1,1,0,0,1,0,1,1,1,1,0,0,1,0,1,11.5438
1,1,0,0,1,0,1,1,1,1,0,0,1,1,1,11.4174
1,1,0,0,1,1,1,1,1,1,0,0,0,0,1,11.2792
1,1,0,0,1,1,1,1,1,1,0,0,0,1,1,11.8748
1,1,0,0,1,1,1,1,1,1,0,0,1,0,1,11.2728
1,1,0,0,1,1,1,1,1,1,0,0,1,1,1,12.1076
1,1,1,0,1,0,1,1,1,1,0,0,0,0,1,10.4254
1,1,1,0,1,0,1,1,1,1,0,0,0,1,1,13.1726
1,1,1,0,1,0,1,1,1,1,0,0,1,0,1,11.0596
1,1,1,0,1,0,1,1,1,1,0,0,1,1,1,10.977
1,1,1,0,1,1,1,1,1,1,0,0,0,0,1,11.2754
1,1,1,0,1,1,1,1,1,1,0,0,0,1,1,10.918
1,1,1,0,1,1,1,1,1,1,0,0,1,0,1,11.1924
1,1,1,0,1,1,1,1,1,1,0,0,1,1,1,11.6626
1,0,0,0,1,0,1,1,1,1,1,0,0,0,1,10.7052
1,0,0,0,1,0,1,1,1,1,1,0,0,1,1,11.7162
1,0,0,0,1,0,1,1,1,1,1,0,1,0,1,10.556
1,0,0,0,1,0,1,1,1,1,1,0,1,1,1,10.6004
1,0,0,0,1,0,1,1,1,1,1,1,0,0,1,10.5114
1,0,0,0,1,0,1,1,1,1,1,1,0,1,1,11.2616
1,0,0,0,1,0,1,1,1,1,1,1,1,0,1,11.2854
1,0,0,0,1,0,1,1,1,1,1,1,1,1,1,10.9356
1,0,0,0,1,1,1,1,1,1,1,0,0,0,1,11.175
1,0,0,0,1,1,1,1,1,1,1,0,0,1,1,10.8182
1,0,0,0,1,1,1,1,1,1,1,0,1,0,1,11.1472
1,0,0,0,1,1,1,1,1,1,1,0,1,1,1,10.5588
1,0,0,0,1,1,1,1,1,1,1,1,0,0,1,10.4616
1,0,0,0,1,1,1,1,1,1,1,1,0,1,1,11.0946
1,0,0,0,1,1,1,1,1,1,1,1,1,0,1,10.4828
1,0,0,0,1,1,1,1,1,1,1,1,1,1,1,11.182
1,0,1,0,1,0,1,1,1,1,1,0,0,0,1,11.0566
1,0,1,0,1,0,1,1,1,1,1,0,0,1,1,11.737
1,0,1,0,1,0,1,1,1,1,1,0,1,0,1,11.5152
1,0,1,0,1,0,1,1,1,1,1,0,1,1,1,10.8834
1,0,1,0,1,0,1,1,1,1,1,1,0,0,1,11.1836
1,0,1,0,1,0,1,1,1,1,1,1,0,1,1,10.2618
1,0,1,0,1,0,1,1,1,1,1,1,1,0,1,11.583
1,0,1,0,1,0,1,1,1,1,1,1,1,1,1,10.9174
1,0,1,0,1,1,1,1,1,1,1,0,0,0,1,11.0786
1,0,1,0,1,1,1,1,1,1,1,0,0,1,1,11.3418
1,0,1,0,1,1,1,1,1,1,1,0,1,0,1,12.0088
1,0,1,0,1,1,1,1,1,1,1,0,1,1,1,11.5642
1,0,1,0,1,1,1,1,1,1,1,1,0,0,1,10.3324
1,0,1,0,1,1,1,1,1,1,1,1,0,1,1,11.1992
1,0,1,0,1,1,1,1,1,1,1,1,1,0,1,11.3746
1,0,1,0,1,1,1,1,1,1,1,1,1,1,1,10.8108
1,1,0,0,1,0,1,1,1,1,1,0,0,0,1,12.1952
1,1,0,0,1,0,1,1,1,1,1,0,0,1,1,11.1488
1,1,0,0,1,0,1,1,1,1,1,0,1,0,1,11.1102
1,1,0,0,1,0,1,1,1,1,1,0,1,1,1,10.9994
1,1,0,0,1,0,1,1,1,1,1,1,0,0,1,10.618
1,1,0,0,1,0,1,1,1,1,1,1,0,1,1,11.1148
1,1,0,0,1,0,1,1,1,1,1,1,1,0,1,11.1758
1,1,0,0,1,0,1,1,1,1,1,1,1,1,1,12.088
1,1,0,0,1,1,1,1,1,1,1,0,0,0,1,11.1662
1,1,0,0,1,1,1,1,1,1,1,0,0,1,1,11.9638
1,1,0,0,1,1,1,1,1,1,1,0,1,0,1,11.8236
1,1,0,0,1,1,1,1,1,1,1,0,1,1,1,11.6226
1,1,0,0,1,1,1,1,1,1,1,1,0,0,1,12.09
1,1,0,0,1,1,1,1,1,1,1,1,0,1,1,11.3826
1,1,0,0,1,1,1,1,1,1,1,1,1,0,1,10.5934
1,1,0,0,1,1,1,1,1,1,1,1,1,1,1,11.105
1,1,1,0,1,0,1,1,1,1,1,0,0,0,1,11.3136
1,1,1,0,1,0,1,1,1,1,1,0,0,1,1,10.8776
1,1,1,0,1,0,1,1,1,1,1,0,1,0,1,11.324
1,1,1,0,1,0,1,1,1,1,1,0,1,1,1,11.7368
1,1,1,0,1,0,1,1,1,1,1,1,0,0,1,11.6284
1,1,1,0,1,0,1,1,1,1,1,1,0,1,1,11.0274
1,1,1,0,1,0,1,1,1,1,1,1,1,0,1,12.543
1,1,1,0,1,0,1,1,1,1,1,1,1,1,1,11.4104
1,1,1,0,1,1,1,1,1,1,1,0,0,0,1,12.5258
1,1,1,0,1,1,1,1,1,1,1,0,0,1,1,11.3924
1,1,1,0,1,1,1,1,1,1,1,0,1,0,1,11.5298
1,1,1,0,1,1,1,1,1,1,1,0,1,1,1,11.7034
1,1,1,0,1,1,1,1,1,1,1,1,0,0,1,11.501
1,1,1,0,1,1,1,1,1,1,1,1,0,1,1,10.8548
1,1,1,0,1,1,1,1,1,1,1,1,1,0,1,11.9588
1,1,1,0,1,1,1,1,1,1,1,1,1,1,1,11.426
